{
    "26-cogs" : {
        "cleverbot" : {
            "INSTALLED" : false,
            "file" : "data\\downloader\\26-cogs\\cleverbot\\cleverbot.py",
            "folder" : "data\\downloader\\26-cogs\\cleverbot"
        },
        "insult" : {
            "INSTALLED" : false,
            "file" : "data\\downloader\\26-cogs\\insult\\insult.py",
            "folder" : "data\\downloader\\26-cogs\\insult"
        },
        "nomassmentions" : {
            "INSTALLED" : false,
            "file" : "data\\downloader\\26-cogs\\nomassmentions\\nomassmentions.py",
            "folder" : "data\\downloader\\26-cogs\\nomassmentions"
        },
        "penis" : {
            "INSTALLED" : false,
            "file" : "data\\downloader\\26-cogs\\penis\\penis.py",
            "folder" : "data\\downloader\\26-cogs\\penis"
        },
        "remindme" : {
            "INSTALLED" : false,
            "file" : "data\\downloader\\26-cogs\\remindme\\remindme.py",
            "folder" : "data\\downloader\\26-cogs\\remindme"
        },
        "rift" : {
            "INSTALLED" : false,
            "file" : "data\\downloader\\26-cogs\\rift\\rift.py",
            "folder" : "data\\downloader\\26-cogs\\rift"
        },
        "rndstatus" : {
            "INSTALLED" : false,
            "file" : "data\\downloader\\26-cogs\\rndstatus\\rndstatus.py",
            "folder" : "data\\downloader\\26-cogs\\rndstatus"
        },
        "stickyroles" : {
            "INSTALLED" : false,
            "file" : "data\\downloader\\26-cogs\\stickyroles\\stickyroles.py",
            "folder" : "data\\downloader\\26-cogs\\stickyroles"
        },
        "trigger" : {
            "INSTALLED" : false,
            "file" : "data\\downloader\\26-cogs\\trigger\\trigger.py",
            "folder" : "data\\downloader\\26-cogs\\trigger"
        },
        "url" : "https://github.com/Twentysix26/26-Cogs"
    }
}